"Country";"value_2010";"value_2011";"value_2012";"value_2013";"value_2014";"value_2015";"value_2016";"value_2017";"value_2018";"value_2019";"value_2020";"value_2021"
"Mayotte";0.90448;0.90055;0.89553;0.89168;0.88622;0.88149;0.87624;0.87151;0.86705;0.86184;0.8576;0.8529
"Mexico";0.70077;0.69863;0.69613;0.69371;0.69118;0.68867;0.68673;0.68418;0.68244;0.67947;0.67741;0.67509
"Micronesia (Federated States of)";0.69118;0.68698;0.68323;0.67888;0.67479;0.67068;0.66624;0.66181;0.6564;0.65475;0.65067;0.64624
"Micronesia (Federated States of)";0.69118;0.68698;0.68323;0.67888;0.67479;0.67068;0.66624;0.66181;0.6564;0.65475;0.65067;0.64624
"Monaco";0.7564;0.7564;0.75548;0.7552;0.75453;0.75362;0.7527;0.75208;0.75147;0.75086;0.75025;0.74952
"Mongolia";0.95964;0.95939;0.9591;0.95892;0.95872;0.95851;0.95829;0.95807;0.95787;0.95766;0.95758;0.95735
"Montenegro";0.82841;0.8263;0.82357;0.82111;0.81781;0.81603;0.81357;0.81007;0.80796;0.80535;0.80278;0.79979
"Montserrat";0.82166;0.82034;0.819;0.81825;0.81702;0.81555;0.81467;0.8136;0.81259;0.81125;0.81055;0.80933
"Morocco";0.8923;0.89168;0.89109;0.89025;0.88956;0.88873;0.88805;0.88701;0.88632;0.8857;0.88504;0.88405
"Mozambique";0.82467;0.82191;0.81886;0.81584;0.81217;0.81006;0.80642;0.80261;0.79968;0.79665;0.79328;0.78938
"Myanmar";0.82625;0.82307;0.8208;0.81724;0.81485;0.81168;0.8085;0.80567;0.80287;0.80077;0.79779;0.79473
"Namibia";0.9701;0.96993;0.96981;0.96974;0.96967;0.9696;0.96953;0.96953;0.96952;0.96952;0.96953;0.96953
"Nauru";0.80526;0.80047;0.79712;0.794;0.7894;0.78716;0.78219;0.78043;0.77685;0.77318;0.77106;0.76504
"Nauru";0.80526;0.80047;0.79712;0.794;0.7894;0.78716;0.78219;0.78043;0.77685;0.77318;0.77106;0.76504
"Nepal";0.8346;0.83433;0.83447;0.83468;0.8345;0.8345;0.83457;0.83477;0.83457;0.8348;0.8348;0.83471
"Nepal";0.8346;0.83433;0.83447;0.83468;0.8345;0.8345;0.83457;0.83477;0.83457;0.8348;0.8348;0.83471
"Netherlands";0.9533;0.9522;0.95066;0.94949;0.94768;0.94663;0.94449;0.9431;0.94182;0.94029;0.9391;0.93778
"New Caledonia";0.66961;0.66595;0.66348;0.6599;0.65766;0.65305;0.65097;0.64694;0.64453;0.64073;0.6382;0.63611
"New Caledonia";0.66961;0.66595;0.66348;0.6599;0.65766;0.65305;0.65097;0.64694;0.64453;0.64073;0.6382;0.63611
"New Zealand";0.66955;0.6643;0.6603;0.65542;0.65035;0.64592;0.64093;0.63627;0.6322;0.62721;0.62187;0.61745
"Nicaragua";0.83499;0.83352;0.83215;0.83095;0.82914;0.82816;0.82671;0.82496;0.82386;0.82227;0.82093;0.81959
"Niger";0.94251;0.94114;0.94058;0.93926;0.93803;0.93733;0.9366;0.93606;0.93508;0.9344;0.93335;0.93254
"Nigeria";0.85316;0.85294;0.85278;0.85267;0.85267;0.85265;0.85246;0.8524;0.85239;0.85237;0.8523;0.85228
"Niue";0.83554;0.83319;0.8315;0.82939;0.8272;0.82438;0.82245;0.82093;0.81733;0.81495;0.81376;0.81092
"Niue";0.83554;0.83319;0.8315;0.82939;0.8272;0.82438;0.82245;0.82093;0.81733;0.81495;0.81376;0.81092
"Norfolk Island";0.73657;0.73399;0.72988;0.72734;0.72325;0.719;0.7172;0.71294;0.71063;0.70461;0.7041;0.69911
"North Macedonia";0.96929;0.9693;0.9693;0.9693;0.96931;0.9693;0.9693;0.96929;0.96929;0.96929;0.96929;0.96928
"Northern Mariana Islands";0.58785;0.58392;0.58103;0.57684;0.57374;0.56998;0.56652;0.56308;0.5607;0.5567;0.55539;0.55029
"Northern Mariana Islands";0.58785;0.58392;0.58103;0.57684;0.57374;0.56998;0.56652;0.56308;0.5607;0.5567;0.55539;0.55029
"Norway";0.95404;0.95369;0.95257;0.95132;0.95003;0.9488;0.94818;0.94789;0.94764;0.94752;0.94744;0.94741
"Oman";0.90944;0.90727;0.90457;0.90221;0.89942;0.89769;0.89592;0.89291;0.89141;0.88741;0.88632;0.88364
"Pakistan";0.89799;0.89371;0.88893;0.88488;0.88112;0.87684;0.87261;0.86865;0.86472;0.86065;0.8557;0.85245
"Pakistan";0.89799;0.89371;0.88893;0.88488;0.88112;0.87684;0.87261;0.86865;0.86472;0.86065;0.8557;0.85245
"Palau";0.78799;0.77937;0.76966;0.76024;0.75012;0.74229;0.73298;0.7233;0.71338;0.70606;0.69796;0.68543
"Palau";0.78799;0.77937;0.76966;0.76024;0.75012;0.74229;0.73298;0.7233;0.71338;0.70606;0.69796;0.68543
"Panama";0.73961;0.73844;0.7376;0.7364;0.73552;0.73492;0.73371;0.73277;0.73149;0.73094;0.7299;0.7287
"Papua New Guinea";0.86689;0.86431;0.86059;0.85766;0.85383;0.85105;0.84764;0.84491;0.84069;0.83749;0.83554;0.83153
"Papua New Guinea";0.86689;0.86431;0.86059;0.85766;0.85383;0.85105;0.84764;0.84491;0.84069;0.83749;0.83554;0.83153
"Paraguay";0.95489;0.95484;0.95452;0.95447;0.95425;0.95414;0.95399;0.95392;0.95377;0.95358;0.95348;0.95342
"Peru";0.73202;0.73172;0.73088;0.73055;0.73025;0.73028;0.73022;0.7301;0.73002;0.73005;0.7299;0.7298
"Philippines";0.7142;0.71081;0.70688;0.70237;0.6991;0.69498;0.69144;0.6877;0.68353;0.67926;0.67606;0.67107
"Pitcairn";0.7692;0.76439;0.75934;0.7554;0.75025;0.74596;0.7412;0.73689;0.73112;0.72752;0.72455;0.71916
"Pitcairn";0.7692;0.76439;0.75934;0.7554;0.75025;0.74596;0.7412;0.73689;0.73112;0.72752;0.72455;0.71916
"Poland";0.96066;0.9617;0.9629;0.96415;0.9653;0.96653;0.96739;0.96887;0.97016;0.97088;0.97241;0.97318
"Portugal";0.86954;0.87005;0.87039;0.86999;0.86941;0.86874;0.86802;0.86686;0.86632;0.86568;0.86484;0.86369
"Puerto Rico";0.70503;0.70183;0.69962;0.69746;0.69441;0.69228;0.69014;0.68706;0.68418;0.68199;0.67947;0.67625
"Qatar";0.86374;0.8602;0.8552;0.85175;0.84752;0.84346;0.83901;0.83433;0.83089;0.82614;0.82322;0.81936
"Republic of Korea";0.72791;0.72572;0.72245;0.7196;0.71657;0.71351;0.71017;0.70752;0.70478;0.70155;0.699;0.69661
"Republic of Moldova";0.94295;0.94318;0.94345;0.94373;0.94393;0.94421;0.9445;0.94464;0.94497;0.94526;0.94541;0.94564
"Réunion";0.62994;0.62797;0.61905;0.61169;0.60467;0.59849;0.59115;0.58461;0.58073;0.57469;0.56615;0.56142
"Romania";0.8641;0.86418;0.86425;0.8643;0.86435;0.86439;0.86443;0.86447;0.8645;0.86455;0.86456;0.8646
"Russian Federation";0.95332;0.95309;0.95283;0.95268;0.95249;0.95242;0.95217;0.95213;0.952;0.95195;0.95189;0.95176
"Rwanda";0.88335;0.88334;0.88332;0.88331;0.8833;0.88329;0.88328;0.88328;0.88327;0.88327;0.88326;0.88326
"Saint Barthélemy";0.98795;0.98817;0.98846;0.98887;0.98916;0.98949;0.98978;0.99018;0.99047;0.99081;0.99109;0.99134
"Saint Helena";0.65636;0.6565;0.65734;0.65748;0.65782;0.65816;0.65848;0.65897;0.65968;0.65974;0.66029;0.66062
"Saint Kitts and Nevis";0.74563;0.74467;0.74355;0.74215;0.74128;0.74003;0.73923;0.73778;0.73707;0.73553;0.73479;0.7336
"Saint Lucia";0.82833;0.82657;0.82437;0.82167;0.81956;0.81768;0.81602;0.81329;0.81145;0.80897;0.8073;0.80512
"Saint Martin (French Part)";0.94712;0.94636;0.94432;0.94305;0.94165;0.93995;0.93854;0.93706;0.93621;0.93417;0.9334;0.93206
"Saint Pierre and Miquelon";0.54409;0.54379;0.54335;0.54273;0.5424;0.5418;0.54167;0.54123;0.54093;0.54124;0.54056;0.54037
"Saint Vincent and the Grenadines";0.76712;0.76612;0.76498;0.76406;0.76272;0.76178;0.76066;0.75944;0.75836;0.75735;0.75597;0.75503
"Samoa";0.77483;0.77312;0.77333;0.77143;0.76956;0.76898;0.76692;0.76534;0.7632;0.76391;0.76168;0.76108
"Samoa";0.77483;0.77312;0.77333;0.77143;0.76956;0.76898;0.76692;0.76534;0.7632;0.76391;0.76168;0.76108
"San Marino";0.98465;0.98476;0.98484;0.98488;0.9849;0.98492;0.98494;0.98495;0.98497;0.98498;0.985;0.98501
"Sao Tome and Principe";0.78852;0.78828;0.78811;0.78748;0.78726;0.78687;0.78661;0.78587;0.78591;0.78563;0.78545;0.78511
"Saudi Arabia";0.9275;0.92456;0.92272;0.92063;0.91817;0.9158;0.91347;0.91122;0.90812;0.90623;0.90441;0.90171
"Senegal";0.94409;0.94329;0.94256;0.94183;0.94114;0.94035;0.93985;0.93922;0.93829;0.9376;0.93694;0.93626
"Serbia";0.95119;0.95124;0.95127;0.95131;0.95134;0.95137;0.9514;0.95142;0.95145;0.95148;0.95152;0.95155
"Seychelles";0.70437;0.70118;0.69928;0.69596;0.69421;0.68933;0.6847;0.68155;0.67777;0.67354;0.66875;0.66665
"Sierra Leone";0.92925;0.92933;0.92939;0.92944;0.92953;0.92957;0.92954;0.92969;0.92967;0.9297;0.92972;0.92975
"Singapore";0.88642;0.88227;0.87796;0.87721;0.86976;0.86632;0.86367;0.85945;0.85579;0.84951;0.84584;0.84525
"Sint Maarten (Dutch part)";0.98896;0.98933;0.98955;0.98993;0.99016;0.99041;0.99084;0.99102;0.99147;0.99167;0.99203;0.99233
"Slovakia";0.9516;0.95166;0.95173;0.95181;0.95186;0.95193;0.95199;0.95204;0.9521;0.95217;0.95222;0.95228
"Slovenia";0.92961;0.92945;0.92934;0.92911;0.92897;0.92886;0.92868;0.92858;0.92834;0.9282;0.92805;0.92797
"Solomon Islands";0.7912;0.78794;0.78379;0.78108;0.7774;0.77372;0.77089;0.76828;0.76382;0.76081;0.75773;0.75445
"Solomon Islands";0.7912;0.78794;0.78379;0.78108;0.7774;0.77372;0.77089;0.76828;0.76382;0.76081;0.75773;0.75445
"Somalia";0.92797;0.92494;0.92212;0.91932;0.91652;0.91344;0.91017;0.90812;0.90545;0.90228;0.90016;0.89561
"South Africa";0.79631;0.79368;0.79141;0.78879;0.78656;0.7845;0.78223;0.78073;0.77754;0.775;0.77192;0.77008
"South Georgia and the South Sandwich Islands";0.89643;0.89704;0.89745;0.89824;0.89853;0.89862;0.89899;0.89916;0.89967;0.89955;0.89983;0.90001
"South Sudan";0.93177;0.9314;0.93109;0.93083;0.93046;0.93023;0.92995;0.92973;0.92951;0.92922;0.92901;0.92866
"Spain";0.84849;0.8485;0.8485;0.8484;0.84825;0.84812;0.8479;0.84769;0.84731;0.84686;0.84661;0.84621
"Sri Lanka";0.60549;0.60091;0.59781;0.59539;0.59092;0.58798;0.58435;0.58044;0.57838;0.57267;0.5702;0.5662
"Sri Lanka";0.60549;0.60091;0.59781;0.59539;0.59092;0.58798;0.58435;0.58044;0.57838;0.57267;0.5702;0.5662
"State of Palestine";0.89724;0.89723;0.89722;0.89721;0.89721;0.8972;0.8972;0.89719;0.89719;0.89718;0.89718;0.89718
"Sudan";0.94605;0.9432;0.94065;0.93862;0.93583;0.93331;0.93071;0.92859;0.92662;0.92411;0.92101;0.91872
"Suriname";0.98841;0.98776;0.98743;0.98727;0.98705;0.98697;0.98697;0.98685;0.98686;0.98676;0.98669;0.98661
"Svalbard and Jan Mayen Islands";0.86556;0.86491;0.86348;0.8605;0.85679;0.85296;0.85125;0.84918;0.8491;0.8497;0.84981;0.8501
"Sweden";0.99276;0.99271;0.99269;0.99259;0.99248;0.99239;0.9923;0.99229;0.99229;0.99229;0.9923;0.9923
"Switzerland";0.97259;0.97257;0.97258;0.97257;0.97258;0.97258;0.97256;0.97257;0.97257;0.97259;0.97257;0.97257
"Syrian Arab Republic";0.94188;0.94182;0.94174;0.9417;0.94165;0.94159;0.94156;0.94152;0.94144;0.94142;0.94135;0.94131
"Tajikistan";0.98776;0.98774;0.98772;0.9877;0.98768;0.98766;0.98764;0.98763;0.98763;0.98761;0.9876;0.98758
"Thailand";0.80572;0.80314;0.80003;0.79753;0.79404;0.79067;0.78802;0.78436;0.78148;0.77794;0.77597;0.77268
"Timor-Leste";0.88411;0.88202;0.87695;0.87403;0.87104;0.86726;0.86299;0.86037;0.85585;0.85189;0.84927;0.84565
"Togo";0.85808;0.85814;0.85816;0.85813;0.85816;0.85815;0.85814;0.85814;0.85813;0.85814;0.85817;0.85814
"Tokelau";0.87297;0.86967;0.86658;0.86385;0.86232;0.85848;0.85589;0.85434;0.85136;0.84878;0.84737;0.84432
"Tokelau";0.87297;0.86967;0.86658;0.86385;0.86232;0.85848;0.85589;0.85434;0.85136;0.84878;0.84737;0.84432
"Tonga";0.74411;0.74236;0.73986;0.73746;0.73549;0.73367;0.73189;0.7295;0.72734;0.72665;0.72484;0.72275
"Tonga";0.74411;0.74236;0.73986;0.73746;0.73549;0.73367;0.73189;0.7295;0.72734;0.72665;0.72484;0.72275
"Trinidad and Tobago";0.81933;0.81779;0.81681;0.81491;0.81338;0.81191;0.81056;0.80847;0.80707;0.80598;0.80428;0.80264
"Tunisia";0.97166;0.97196;0.97215;0.97202;0.97199;0.97205;0.97197;0.97196;0.9717;0.97147;0.97105;0.97124
"Turkey";0.88457;0.88438;0.88401;0.88363;0.88333;0.8831;0.88257;0.88213;0.88198;0.88161;0.88095;0.88074
"Turkmenistan";0.97861;0.97847;0.97836;0.97826;0.97814;0.97804;0.97796;0.97785;0.97776;0.97768;0.9776;0.9775
"Turks and Caicos Islands";0.85942;0.85849;0.8573;0.85661;0.85469;0.85343;0.85206;0.85087;0.8497;0.84829;0.84734;0.84611
"Tuvalu";0.86653;0.86231;0.85905;0.85465;0.8514;0.84846;0.8448;0.84053;0.83715;0.8332;0.82885;0.8266
"Tuvalu";0.86653;0.86231;0.85905;0.85465;0.8514;0.84846;0.8448;0.84053;0.83715;0.8332;0.82885;0.8266
"Uganda";0.7817;0.77838;0.77515;0.77201;0.76962;0.76674;0.7642;0.76099;0.75812;0.75512;0.75171;0.74935
"Ukraine";0.93397;0.93425;0.93447;0.93468;0.9349;0.93519;0.93528;0.93553;0.93564;0.93581;0.93597;0.9362
"United Arab Emirates";0.87942;0.87655;0.8747;0.87146;0.86854;0.86556;0.86211;0.85955;0.85689;0.85409;0.85237;0.8493
"United Kingdom of Great Britain and Northern Ireland";0.96355;0.96344;0.96315;0.96274;0.96241;0.96202;0.96189;0.96171;0.96168;0.96166;0.96174;0.96172
"United Republic of Tanzania";0.73362;0.73004;0.7261;0.72211;0.71895;0.71523;0.71146;0.70739;0.70344;0.6994;0.69639;0.69195
"United States Minor Outlying Islands";0.73774;0.73722;0.73753;0.73717;0.73676;0.73588;0.73498;0.73475;0.73472;0.73443;0.73363;0.73292
"United States Minor Outlying Islands";0.73774;0.73722;0.73753;0.73717;0.73676;0.73588;0.73498;0.73475;0.73472;0.73443;0.73363;0.73292
"United States of America";0.83934;0.8389;0.83823;0.83736;0.83689;0.83627;0.83539;0.8346;0.83389;0.83346;0.83273;0.83182
"United States Virgin Islands";0.83091;0.8307;0.83063;0.83052;0.8303;0.83022;0.83002;0.8299;0.82978;0.8297;0.82954;0.82934
"Uruguay";0.85897;0.85858;0.85788;0.85742;0.85735;0.85671;0.85612;0.85584;0.8556;0.85469;0.85433;0.85412
"Uzbekistan";0.97525;0.97475;0.97428;0.97398;0.97352;0.9733;0.97258;0.97237;0.97196;0.97163;0.97117;0.97087
"Vanuatu";0.70145;0.69813;0.69499;0.69164;0.68882;0.68588;0.68281;0.67916;0.67691;0.67299;0.67058;0.66738
"Vanuatu";0.70145;0.69813;0.69499;0.69164;0.68882;0.68588;0.68281;0.67916;0.67691;0.67299;0.67058;0.66738
"Venezuela (Bolivarian Republic of)";0.83568;0.83457;0.83303;0.83157;0.83053;0.82917;0.82805;0.82703;0.82542;0.82402;0.82251;0.82146
"Viet Nam";0.75707;0.75298;0.74936;0.74537;0.7416;0.73877;0.73488;0.73007;0.72665;0.72304;0.7199;0.71588
"Wallis and Futuna Islands";0.88292;0.87964;0.87702;0.87422;0.87094;0.86687;0.86447;0.86226;0.85898;0.85505;0.85215;0.84953
"Wallis and Futuna Islands";0.88292;0.87964;0.87702;0.87422;0.87094;0.86687;0.86447;0.86226;0.85898;0.85505;0.85215;0.84953
"Western Sahara";0.93768;0.93765;0.93747;0.93722;0.93693;0.93671;0.9364;0.93626;0.93592;0.93558;0.93537;0.93521
"Yemen";0.86718;0.86489;0.86194;0.85934;0.85648;0.85307;0.85083;0.84769;0.84523;0.84154;0.84075;0.83738
"Zambia";0.87632;0.87636;0.87631;0.8763;0.87623;0.87633;0.87634;0.87638;0.87642;0.8764;0.87638;0.87636
"Zimbabwe";0.79612;0.79552;0.79509;0.79463;0.79419;0.79376;0.79335;0.79304;0.79264;0.79229;0.79199;0.79161
"Afghanistan";0.83671;0.83662;0.83657;0.83651;0.83644;0.83639;0.83632;0.83623;0.83618;0.83613;0.83605;0.83602
"Afghanistan";0.83671;0.83662;0.83657;0.83651;0.83644;0.83639;0.83632;0.83623;0.83618;0.83613;0.83605;0.83602
"Åland Islands";0.99039;0.98997;0.98955;0.98896;0.98836;0.98777;0.98717;0.98717;0.98717;0.98717;0.98717;0.98717
"Albania";0.86343;0.86043;0.85846;0.85619;0.85337;0.85116;0.84864;0.84674;0.84299;0.84087;0.83833;0.8354
"Algeria";0.91081;0.91065;0.91056;0.91039;0.9103;0.91005;0.90996;0.9099;0.90977;0.90962;0.90949;0.90928
"American Samoa";0.86778;0.86738;0.86727;0.86713;0.86574;0.86517;0.86387;0.86434;0.8645;0.86354;0.8629;0.86251
"American Samoa";0.86778;0.86738;0.86727;0.86713;0.86574;0.86517;0.86387;0.86434;0.8645;0.86354;0.8629;0.86251
"Andorra";0.91174;0.91172;0.91167;0.91163;0.91159;0.9115;0.91133;0.91117;0.9109;0.91067;0.91043;0.91016
"Angola";0.92864;0.92866;0.92861;0.92858;0.92863;0.92854;0.92856;0.92853;0.92851;0.92858;0.92852;0.92849
"Anguilla";0.93438;0.93357;0.93219;0.93032;0.92949;0.92813;0.92651;0.92537;0.92435;0.92255;0.92093;0.92029
"Antigua and Barbuda";0.90855;0.90679;0.90442;0.90232;0.90033;0.89843;0.89569;0.89438;0.89201;0.88957;0.88714;0.88508
"Argentina";0.84526;0.84496;0.84477;0.84455;0.84424;0.84406;0.84382;0.84355;0.84334;0.84296;0.84294;0.8428
"Armenia";0.82909;0.82908;0.82908;0.82908;0.82908;0.82908;0.82908;0.82908;0.82908;0.82909;0.82909;0.82909
"Aruba";0.95844;0.95849;0.95854;0.95856;0.95858;0.95859;0.95862;0.95864;0.95868;0.9587;0.95873;0.95875
"Australia";0.85009;0.84713;0.84361;0.84077;0.83721;0.83435;0.83117;0.82844;0.82581;0.8211;0.8187;0.81593
"Austria";0.89463;0.89466;0.8947;0.89473;0.89476;0.89481;0.89484;0.89488;0.89491;0.89495;0.89498;0.89502
"Azerbaijan";0.9118;0.91189;0.91197;0.91238;0.9124;0.91241;0.91219;0.91244;0.91236;0.91236;0.91257;0.91248
"Bahamas";0.71652;0.71527;0.71402;0.71243;0.71104;0.7088;0.70697;0.70462;0.70226;0.69952;0.69759;0.69454
"Bahrain";0.78275;0.77947;0.77651;0.7734;0.7695;0.76746;0.76364;0.76124;0.75797;0.75372;0.75148;0.74857
"Bangladesh";0.78736;0.78449;0.77924;0.77682;0.77256;0.76798;0.7642;0.76053;0.75469;0.75124;0.74841;0.7441
"Bangladesh";0.78736;0.78449;0.77924;0.77682;0.77256;0.76798;0.7642;0.76053;0.75469;0.75124;0.74841;0.7441
"Barbados";0.90754;0.90699;0.90528;0.90441;0.90325;0.90201;0.90059;0.89968;0.89886;0.89738;0.89608;0.89529
"Belarus";0.9585;0.96001;0.96157;0.96276;0.96402;0.96531;0.96682;0.96793;0.96943;0.97085;0.97203;0.97305
"Belgium";0.98247;0.98257;0.9827;0.98283;0.98295;0.98303;0.98313;0.9832;0.98333;0.98349;0.98367;0.98374
"Belize";0.78247;0.78158;0.7806;0.77991;0.77871;0.77785;0.77643;0.77556;0.77419;0.77301;0.77208;0.77132
"Benin";0.90539;0.90544;0.90544;0.90544;0.90541;0.90539;0.90541;0.90542;0.90539;0.90535;0.90539;0.9054
"Bermuda";0.62506;0.62357;0.62243;0.62078;0.61935;0.61724;0.61726;0.61565;0.614;0.6137;0.61127;0.61034
"Bhutan";0.80076;0.80035;0.80012;0.80007;0.79968;0.79937;0.79926;0.79906;0.79854;0.79845;0.79805;0.79785
"Bhutan";0.80076;0.80035;0.80012;0.80007;0.79968;0.79937;0.79926;0.79906;0.79854;0.79845;0.79805;0.79785
"Bolivia (Plurinational State of)";0.8842;0.88376;0.88334;0.88301;0.88272;0.8824;0.8824;0.88207;0.88184;0.88166;0.88154;0.88113
"Bosnia and Herzegovina";0.89938;0.89941;0.89946;0.89949;0.89951;0.89954;0.89958;0.89962;0.89966;0.8997;0.89973;0.89975
"Botswana";0.97622;0.97599;0.97577;0.97574;0.9757;0.97569;0.97568;0.97567;0.97567;0.97567;0.97568;0.97568
"Brazil";0.90491;0.90383;0.903;0.90235;0.90177;0.90093;0.90061;0.90015;0.89971;0.89907;0.89872;0.89828
"British Indian Ocean Territory";0.84076;0.83687;0.83187;0.82668;0.82047;0.81638;0.81096;0.80601;0.8036;0.79657;0.79162;0.78657
"British Virgin Islands";0.77306;0.77189;0.77048;0.76969;0.76814;0.76715;0.76586;0.76482;0.76352;0.76197;0.7608;0.75987
"Brunei Darussalam";0.85833;0.85768;0.85747;0.85728;0.85685;0.85647;0.85609;0.8555;0.85535;0.85518;0.85472;0.85456
"Bulgaria";0.93555;0.93555;0.93555;0.93555;0.93554;0.93554;0.93553;0.93552;0.93552;0.93551;0.93551;0.93551
"Burkina Faso";0.98726;0.98702;0.98693;0.98687;0.98682;0.98678;0.98676;0.98674;0.9867;0.98668;0.98666;0.98661
"Burundi";0.8913;0.89128;0.89127;0.89125;0.89124;0.89122;0.89121;0.89121;0.89119;0.89119;0.89118;0.89117
"Cabo Verde";0.90334;0.90354;0.9037;0.90395;0.90421;0.90428;0.90458;0.90469;0.90499;0.90513;0.90523;0.90539
"Cambodia";0.81219;0.80958;0.80747;0.80392;0.8011;0.79873;0.79513;0.79307;0.79033;0.78751;0.78455;0.78221
"Cameroon";0.8391;0.83905;0.839;0.83884;0.83882;0.83881;0.83862;0.83856;0.83862;0.83851;0.83845;0.83852
"Canada";0.96629;0.96608;0.96585;0.96555;0.96527;0.96504;0.96474;0.96454;0.96435;0.96415;0.96386;0.96375
"Cayman Islands";0.83102;0.82978;0.8286;0.82778;0.82637;0.82552;0.82412;0.82286;0.822;0.82083;0.82005;0.81846
"Central African Republic";0.93615;0.93611;0.93597;0.93587;0.93584;0.93581;0.93579;0.93583;0.93572;0.93566;0.93569;0.93568
"Chad";0.91658;0.91619;0.91585;0.91547;0.91521;0.91485;0.91462;0.91438;0.91419;0.91392;0.91374;0.91355
"Chile";0.79893;0.79617;0.79224;0.78896;0.78542;0.78151;0.7779;0.77415;0.77012;0.76743;0.76335;0.75961
"China";0.76953;0.76637;0.76302;0.76046;0.75537;0.75203;0.74857;0.74595;0.74242;0.7391;0.73461;0.7312
"China, Hong Kong Special Administrative Region";0.84222;0.84207;0.84194;0.8418;0.84163;0.84147;0.84138;0.84115;0.84103;0.84089;0.84078;0.84064
"China, Macao Special Administrative Region";0.92464;0.92429;0.92396;0.92366;0.92332;0.92304;0.92278;0.92257;0.92224;0.922;0.92175;0.92155
"Christmas Island";0.54197;0.53332;0.5242;0.51641;0.50466;0.49709;0.48789;0.47732;0.46862;0.45963;0.44924;0.44085
"Cocos (Keeling) Islands";0.81456;0.81028;0.80687;0.80441;0.80017;0.79498;0.79106;0.78948;0.78474;0.78195;0.77881;0.77573
"Colombia";0.74974;0.74824;0.74691;0.74579;0.74468;0.74348;0.74228;0.74125;0.74002;0.73903;0.73744;0.73652
"Comoros";0.7914;0.78632;0.78298;0.77741;0.77405;0.77148;0.76494;0.76103;0.75664;0.75097;0.74818;0.74387
"Congo";0.96604;0.96589;0.96598;0.96608;0.96599;0.96603;0.96589;0.96588;0.96585;0.9658;0.96574;0.96573
"Cook Islands";0.79659;0.79457;0.79265;0.78937;0.78757;0.78514;0.78302;0.78014;0.77693;0.7744;0.77266;0.77127
"Cook Islands";0.79659;0.79457;0.79265;0.78937;0.78757;0.78514;0.78302;0.78014;0.77693;0.7744;0.77266;0.77127
"Costa Rica";0.82896;0.82768;0.8253;0.82427;0.82257;0.82112;0.81964;0.81759;0.81601;0.81484;0.81357;0.81209
"Côte d'Ivoire";0.90148;0.90158;0.90132;0.90127;0.90131;0.90132;0.90123;0.90129;0.90124;0.90129;0.90121;0.90124
"Croatia";0.89587;0.89585;0.89583;0.89581;0.89576;0.89575;0.89566;0.89564;0.89563;0.89558;0.89554;0.89552
"Cuba";0.67449;0.673;0.67193;0.67081;0.66985;0.6687;0.66742;0.66626;0.66535;0.66385;0.66272;0.662
"Curaçao";0.86552;0.86443;0.86328;0.86236;0.86048;0.85952;0.85832;0.85698;0.85563;0.85391;0.85341;0.85249
"Cyprus";0.9929;0.9929;0.99288;0.99275;0.99258;0.9924;0.99221;0.99205;0.99186;0.99169;0.99152;0.99142
"Czechia";0.9696;0.96968;0.96978;0.96991;0.97002;0.97014;0.97025;0.97036;0.97044;0.97054;0.97063;0.97076
"Democratic People's Republic of Korea";0.92988;0.92919;0.92831;0.9274;0.92692;0.92623;0.92496;0.92418;0.92347;0.92291;0.9221;0.92129
"Democratic Republic of the Congo";0.88105;0.88114;0.881;0.88089;0.88085;0.88082;0.88077;0.88069;0.88069;0.88059;0.88064;0.88055
"Denmark";0.97563;0.97561;0.97539;0.97518;0.97468;0.9741;0.97407;0.97396;0.97392;0.97395;0.97401;0.97406
"Djibouti";0.83492;0.83189;0.82956;0.82641;0.82419;0.82121;0.8189;0.81495;0.81362;0.80965;0.80742;0.80492
"Dominica";0.68515;0.68347;0.68133;0.67906;0.67675;0.67458;0.67277;0.66967;0.6678;0.66576;0.66387;0.66173
"Dominican Republic";0.74699;0.74579;0.74362;0.74243;0.74101;0.7386;0.73756;0.73621;0.73455;0.73287;0.73172;0.73016
"Ecuador";0.72476;0.72058;0.71574;0.71116;0.70649;0.70112;0.69641;0.69157;0.68725;0.68353;0.67837;0.67358
"Egypt";0.93673;0.93409;0.93195;0.92951;0.92689;0.92401;0.92186;0.91948;0.91785;0.91571;0.91327;0.91052
"El Salvador";0.82101;0.81958;0.81798;0.81617;0.81524;0.81359;0.81212;0.8109;0.80933;0.80802;0.80599;0.80484
"Equatorial Guinea";0.80048;0.80027;0.80011;0.80004;0.79984;0.79966;0.79959;0.79947;0.79927;0.79911;0.79903;0.79885
"Eritrea";0.91699;0.91443;0.91179;0.90977;0.90768;0.90487;0.90237;0.89943;0.89787;0.89442;0.89297;0.89055
"Estonia";0.98622;0.98619;0.98617;0.98601;0.98585;0.98569;0.98553;0.98553;0.98553;0.98553;0.98553;0.98553
"Eswatini";0.81257;0.81247;0.81242;0.8124;0.81238;0.81236;0.81235;0.81234;0.81233;0.81231;0.8123;0.81229
"Ethiopia";0.84892;0.84903;0.84881;0.84904;0.84885;0.84891;0.84894;0.84892;0.84897;0.84853;0.84879;0.84879
"Falkland Islands (Malvinas)";0.73006;0.7301;0.73037;0.73035;0.73052;0.73054;0.73075;0.7308;0.73085;0.73101;0.73122;0.7312
"Faroe Islands";0.874;0.87597;0.87528;0.8755;0.87251;0.87117;0.87214;0.87081;0.87072;0.87066;0.87072;0.87213
"Fiji";0.71785;0.71628;0.71401;0.71238;0.71038;0.7088;0.70701;0.70485;0.7025;0.70099;0.69878;0.69797
"Fiji";0.71785;0.71628;0.71401;0.71238;0.71038;0.7088;0.70701;0.70485;0.7025;0.70099;0.69878;0.69797
"Finland";0.99038;0.99031;0.99024;0.99017;0.99011;0.99005;0.98998;0.98998;0.98998;0.98998;0.98998;0.98998
"France";0.87557;0.87219;0.86891;0.86525;0.86145;0.8574;0.85364;0.84995;0.84694;0.84299;0.83907;0.83641
"French Guiana";0.94175;0.9408;0.94009;0.93959;0.93905;0.93858;0.93842;0.938;0.93786;0.93736;0.93717;0.93674
"French Polynesia";0.73764;0.73525;0.73298;0.73055;0.72871;0.72501;0.72341;0.72034;0.71737;0.71471;0.71305;0.70957
"French Polynesia";0.73764;0.73525;0.73298;0.73055;0.72871;0.72501;0.72341;0.72034;0.71737;0.71471;0.71305;0.70957
"French Southern Territories";0.83582;0.83374;0.83054;0.82847;0.82606;0.8242;0.82188;0.81811;0.81718;0.81413;0.81304;0.80977
"Gabon";0.95323;0.95334;0.95335;0.95329;0.9533;0.95334;0.95346;0.95335;0.95328;0.9531;0.95332;0.9531
"Gambia";0.97962;0.97956;0.97952;0.97948;0.97944;0.9794;0.97937;0.97932;0.9793;0.97926;0.97923;0.9792
"Georgia";0.88877;0.88867;0.8886;0.88853;0.88849;0.88837;0.88834;0.88827;0.88816;0.88814;0.88806;0.88797
"Germany";0.98164;0.98167;0.9817;0.98171;0.9817;0.98169;0.98168;0.9817;0.98173;0.98176;0.98179;0.98183
"Ghana";0.83933;0.8394;0.83944;0.83919;0.8393;0.83926;0.83915;0.83924;0.83931;0.83929;0.83926;0.83919
"Gibraltar";0.94648;0.94572;0.94452;0.94297;0.94194;0.94044;0.93907;0.9373;0.93583;0.93414;0.93263;0.93148
"Greece";0.84251;0.84238;0.84176;0.84105;0.84012;0.83915;0.83838;0.83741;0.83634;0.83543;0.83502;0.8341
"Greenland";0.92744;0.92592;0.92358;0.92099;0.91858;0.91603;0.91359;0.91243;0.91133;0.91076;0.9101;0.90956
"Grenada";0.69614;0.69518;0.69391;0.69287;0.69162;0.69061;0.68892;0.68782;0.68634;0.68551;0.6844;0.68325
"Guadeloupe";0.62467;0.62415;0.62389;0.62351;0.62298;0.62271;0.62212;0.62183;0.62127;0.62092;0.62062;0.62011
"Guam";0.50861;0.49515;0.48318;0.47125;0.46078;0.45023;0.44033;0.43054;0.41904;0.40752;0.39469;0.38398
"Guam";0.50861;0.49515;0.48318;0.47125;0.46078;0.45023;0.44033;0.43054;0.41904;0.40752;0.39469;0.38398
"Guatemala";0.7315;0.72936;0.72848;0.72695;0.72576;0.72408;0.72198;0.72115;0.72014;0.71813;0.71678;0.71522
"Guinea";0.89243;0.89218;0.89215;0.89228;0.89221;0.89238;0.89235;0.89246;0.89272;0.89271;0.89255;0.89256
"Guinea-Bissau";0.91914;0.91905;0.91896;0.91888;0.91883;0.9188;0.91875;0.91872;0.91867;0.91862;0.91856;0.91854
"Guyana";0.87669;0.87637;0.87584;0.87542;0.87524;0.87521;0.87517;0.87509;0.87512;0.87495;0.87493;0.87481
"Haiti";0.73742;0.73538;0.73397;0.73167;0.73007;0.72811;0.7264;0.72497;0.72294;0.72087;0.71879;0.717
"Heard Island and McDonald Islands";0.91384;0.91435;0.91496;0.91551;0.91541;0.91646;0.91653;0.91734;0.9177;0.91833;0.91846;0.91893
"Holy See";0.93356;0.93364;0.93372;0.93372;0.93372;0.93372;0.93372;0.93372;0.93372;0.93372;0.93372;0.93372
"Honduras";0.75823;0.75669;0.75518;0.754;0.75155;0.75036;0.74885;0.74734;0.74602;0.74462;0.74273;0.74116
"Hungary";0.86384;0.86392;0.864;0.86407;0.86412;0.86417;0.86426;0.86432;0.86436;0.86442;0.86448;0.86455
"Iceland";0.87808;0.87685;0.87497;0.87142;0.86953;0.86705;0.86601;0.86534;0.86515;0.86531;0.86549;0.86552
"India";0.71159;0.7085;0.70425;0.69973;0.69628;0.69324;0.68934;0.68567;0.68257;0.67899;0.67496;0.67147
"Indonesia";0.80204;0.79733;0.79323;0.78855;0.78485;0.78061;0.77608;0.77231;0.76887;0.76517;0.75993;0.75634
"Iran (Islamic Republic of)";0.87068;0.86779;0.86409;0.86049;0.85743;0.85506;0.8521;0.84863;0.84529;0.84213;0.83841;0.83583
"Iran (Islamic Republic of)";0.87068;0.86779;0.86409;0.86049;0.85743;0.85506;0.8521;0.84863;0.84529;0.84213;0.83841;0.83583
"Iraq";0.82418;0.82067;0.82018;0.81666;0.81465;0.81217;0.81022;0.80706;0.80492;0.80252;0.80082;0.79743
"Ireland";0.91874;0.91882;0.91878;0.91796;0.9166;0.9159;0.91547;0.91511;0.91509;0.91528;0.91542;0.9154
"Israel";0.72436;0.72435;0.72438;0.72439;0.72438;0.7245;0.72446;0.72448;0.72447;0.72449;0.72448;0.72448
"Italy";0.90096;0.90064;0.90028;0.89968;0.89913;0.89857;0.89777;0.89708;0.89646;0.89573;0.89481;0.89438
"Jamaica";0.68204;0.68051;0.67867;0.6771;0.67578;0.67387;0.67221;0.67045;0.66851;0.66683;0.66541;0.66297
"Japan";0.79886;0.79625;0.79335;0.78947;0.78705;0.78365;0.7802;0.77701;0.77391;0.77035;0.76819;0.76475
"Jordan";0.9658;0.96575;0.96572;0.96568;0.96564;0.96561;0.96558;0.96556;0.96554;0.96551;0.96547;0.96543
"Kazakhstan";0.87279;0.87218;0.87178;0.87126;0.87061;0.87027;0.8695;0.86923;0.8687;0.86795;0.86776;0.86703
"Kenya";0.82623;0.82283;0.81967;0.81672;0.81341;0.8095;0.807;0.80283;0.80103;0.79722;0.79397;0.79102
"Kiribati";0.8046;0.802;0.79784;0.7945;0.79148;0.78667;0.78365;0.77928;0.77545;0.7722;0.76912;0.76535
"Kiribati";0.8046;0.802;0.79784;0.7945;0.79148;0.78667;0.78365;0.77928;0.77545;0.7722;0.76912;0.76535
"Kuwait";0.87175;0.86659;0.86417;0.86104;0.85749;0.85549;0.8528;0.84826;0.84489;0.84185;0.83791;0.83595
"Kyrgyzstan";0.98534;0.98517;0.98483;0.9846;0.9844;0.98423;0.984;0.9837;0.98363;0.98331;0.98307;0.9829
"Lao People's Democratic Republic";0.81787;0.81748;0.81734;0.81681;0.81645;0.81614;0.81584;0.81549;0.81496;0.81471;0.81443;0.81408
"Latvia";0.98882;0.98882;0.98882;0.98878;0.9887;0.98861;0.98853;0.98853;0.98853;0.98853;0.98853;0.98853
"Lebanon";0.93168;0.93165;0.93162;0.9316;0.93158;0.93157;0.93155;0.93153;0.93151;0.93149;0.93148;0.93146
"Lesotho";0.94172;0.94165;0.94159;0.94155;0.94152;0.94148;0.94146;0.94143;0.94141;0.9414;0.94138;0.94136
"Liberia";0.90147;0.90157;0.9017;0.90165;0.90186;0.90181;0.90206;0.902;0.90204;0.90203;0.90215;0.90228
"Libya";0.96815;0.96808;0.96804;0.96799;0.96794;0.96794;0.96796;0.96784;0.96793;0.96786;0.96762;0.96769
"Liechtenstein";0.99075;0.99077;0.99079;0.99082;0.99084;0.99087;0.99089;0.99091;0.99093;0.99095;0.99098;0.991
"Lithuania";0.98877;0.98883;0.98886;0.98886;0.98886;0.98885;0.98884;0.98884;0.98884;0.98884;0.98884;0.98884
"Luxembourg";0.98388;0.98395;0.98404;0.98415;0.98425;0.98435;0.98445;0.98457;0.98467;0.98478;0.98491;0.98504
"Madagascar";0.78359;0.78152;0.77723;0.77241;0.76886;0.76559;0.76135;0.75656;0.75297;0.74972;0.74661;0.74038
"Malawi";0.80736;0.8074;0.80734;0.80748;0.80743;0.80748;0.80746;0.80752;0.8075;0.80757;0.80759;0.80761
"Malaysia";0.74818;0.74429;0.74095;0.73625;0.73129;0.72841;0.7235;0.72046;0.71557;0.71255;0.70844;0.70357
"Maldives";0.8886;0.88563;0.88047;0.87443;0.87106;0.86635;0.86129;0.85728;0.8506;0.84743;0.84449;0.8403
"Maldives";0.8886;0.88563;0.88047;0.87443;0.87106;0.86635;0.86129;0.85728;0.8506;0.84743;0.84449;0.8403
"Mali";0.98109;0.98085;0.98067;0.98044;0.98031;0.98016;0.98006;0.97994;0.97977;0.97961;0.97951;0.97939
"Malta";0.87242;0.87242;0.87242;0.87242;0.87242;0.87242;0.87242;0.87242;0.87242;0.87242;0.87242;0.87242
"Marshall Islands";0.87426;0.87084;0.8664;0.86331;0.86052;0.85656;0.85252;0.8494;0.84635;0.84314;0.83976;0.83478
"Marshall Islands";0.87426;0.87084;0.8664;0.86331;0.86052;0.85656;0.85252;0.8494;0.84635;0.84314;0.83976;0.83478
"Martinique";0.77452;0.77302;0.77141;0.76994;0.76807;0.76681;0.76487;0.76359;0.76131;0.75967;0.75898;0.75639
"Mauritania";0.97776;0.97754;0.9773;0.97708;0.97678;0.97661;0.97634;0.97605;0.97592;0.97569;0.97553;0.97533
"Mauritius";0.46849;0.46416;0.45811;0.45185;0.44442;0.43897;0.43283;0.4275;0.41909;0.4166;0.41066;0.40317
